text,category
Some of the work underway at the @COSAirport There are several improvement projects underway there right now that we're doing inspections on.,Upgrades
Transform any space into a haven of love with VanGo's Heartfelt Decor. Upgrade your surroundings and share the love.Click now to bring warmth and affection into your home with VanGo's unique designs!,Upgrades
Dozens of #Investment Plans Submitted for #Greek Port and #Marina ,Upgrades
"The benefits of machine #Upgrades include increasing machine availability, performance and improving the #quality of the finished product. ",Upgrades
NEW Upgraded to Quantic Films 3.0 Studio!! Giveaway! Wait for it... NEW ACCOUNT: @osoxmusic Chex us ,Upgrades
"IMON @imondotai Oct 28, 2023 Hey IMON community! Exciting news - our IMON website just got a major upgrade! Explore the enhancements right away:",Upgrades
"ğŸš¨Breaking NewsğŸš¨Exciting Upgrades Unveiled by http://Crypto.com for Smart Cross Margin, Boosting Crypto Trading Efficiency! #Crypto #Trading #Upgrades",Upgrades
Exciting news from @LBank_Exchange! The support for $MANDOX token contract upgrade and migration reaffirms their commitment to enhancing user experience. Kudos to the team for ensuring a seamless transition.,Upgrades
Mâ˜• An exciting day in camp #YAKDAO!We have just collected our new sauna and it is en route to be assembledğŸ§–â€â™‚ï¸ Just another amazing amenity rounding off an unforgettable experience in Brevard ğŸ•ï¸,Upgrades
"""Upgrade your tool game! Don't miss out on calls from the big players in the industry.",Upgrades
"Hold onto your Shibas, because Shibarium just unleashed some major upgrades! Their latest feature, the bridge, could potentially change the game for SHIB on the L2 network.",Upgrades
Bolt+ has been packed with new features that massively improve the user experience and take the platform to the next level ,Upgrades
Premium Remodeling Services Tailored to Your Style and Preferences. The JB Design and Remodeling Difference.,Upgrades
"E&L AK74 awaiting a DCA TIER 1 and a deans connector. The importance of the ability to add optional upgrades with ease and to select the connector of your choosing when shopping on our website cannot be overstated. Quick, Easy, Custom.",Upgrades
"Buoyed by strong trading #PEB now expects FY23 & FY24 to be ahead of market forecasts. In FY23 project orders in H2 were 84 higher than H1 with wins in APAC,  Europe and the US. Group has improved its recurring revenue & also reduced its debt.",Upgrades
"If you haven't noticed Sallee Park is getting some wonderful upgrades. With all that construction, the pickleball courts are temporarily closed and will reopen in March.",Upgrades
Start the new year off stress-free with a ball mount kit! Eliminate the work of upgrading all of your towing gear by purchasing a kit that includes all of the necessary upgrades.,Upgrades
"hat's your key goal for using video in training & internal comms? ğŸ¥ Is it 1ï¸âƒ£ Skill & Knowledge Enhancement or 2ï¸âƒ£ Internal Engagement Boost? Each has its impact, but which drives you? Share your pick below",Upgrades
"Embrace AI in your life not as a replacement, but as an enhancement to your human experience.",Upgrades
I'm listening to every Holst piece I can find in the order he composed them. Can't wait to hear this vocal scene with orchestra when my copy of this exciting #NewRelease arrives in the post any day now ... /1,Upgrades
Congratulations - some fantastic hockey on display despite the wind and rain,Partnerships
"Prime Minister Anthony Albanese will welcome Prime Minister of Papua New Guinea, James Marape, back to Australia for an official visit from 7 to 9 February 2024",Partnerships
"We're delighted to introduce our new 5-for-5 partner Symington's.Symington's develop and produce a broad range of delicious products, which can be prepared by the consumer in just a few minutes.Thank you for your amazing support!",Partnerships
"Global energy storage platform provider Powin LLC and Galp, Portugalâ€™s leading integrated energy company, have partnered to install a utility-scale battery energy storage system (BESS)",Partnerships
"""He was also a World Champion""@KevinMagnussen on who his favourite driver partner was in his time with F1 ğŸ¥‡ ",Partnerships
"ğŸ™Œ We're thrilled to announce our #partnership with @ISPAYtech- A leader  in comprehensive #Web3 financial solutions.For #AINN holders, #ISPAY offering an exclusive benefit: for just 88 $AINN, you can apply for the $199 valued ISPAY #crypto credit card. ",Partnerships
"Digital Twins Coming to State, Federal Agencies Through New Partnership.",Partnerships
"Neev Funds' managed by @sbicapventures was honoured to have Matthieu Ducorroy, Head of Private Equity Unit and Irina-Maria Gaman, Private Equity Investment Officer of @EIB, join us for a day of site visit and strategic discussions on investments in climate action.",Partnerships
"Microsoft joins forces with news startup Semafor for an AI partnership, aiming to revolutionize the news industry.",Partnerships
RE24 is now part of the @msft4startups Founders Hub! ğŸš€âœ¨Joining forces with Microsoft opens up a world of opportunities for us to accelerate our mission ğŸŒâš¡ğŸƒ ,Partnerships
"Maintain a competitive footing In Granada, Spain this March as we highlight What partnership and consolidation arrangements are happening across major markets.",Partnerships
"Discover the world with GOL Travels! Join us at upcoming travel expos and unlock exciting destinations, exclusive insights, and strategic partnerships.",Partnerships
innovation were considered. Providing training opportunities can empower young people to become successful and impactful contributors to the agriculture sector towards sustainable development.,Partnerships
Brace yourselves for exhilarating weeks ahead! We're on the cusp of some truly groundbreaking developments that are set to propel $TURBO into an unprecedented phase of growth and innovation,Partnerships
Srmhs Raleigh Business Alliance meeting went very  well today! We are looking forward to providing more opportunities for our students!! ,Partnerships
"Huge thank you to OpTech. The team at OpTech donated $1,000 and made 300 shelf stable soup kits. The soup kits is enough to feed 1,200 people or 300 families of 4. The team at OpTech is amazing, thank you for helping us waste less and feed more",Partnerships
Thank you @Learn4Life for hosting our #outreach team for the College & Career Fair. HS and college students learned about internships & career opportunities with the #FBI. Also great to see our tremendous partners @CHPsouthern  engaging with future crime fighters. ,Partnerships
Very excited to announce we have @David_Mach !!! Yes world renowned Contemporary Sculptor coming to @Larberthighschool later on this month as part of our DYW strategy to inspire our young people,Partnerships
 Enhancing Climate Conservation andğŸŒ³ Partnering in the Presidential Directive 15 Billion Trees by 2032 as further avenues of exploring impactful partnerships,Partnerships
"We are proud to integrate with ClearCompany, one of our preferred partners.",Partnerships
Thriving through Partnerships & Announcements @karrier_one is building a network of partnerships to strengthen global logistics. Announcements and collaborations that will shape the future of transportation.,Partnerships
"We are excited to share about our new launch - ""THE SIGN"". Do check out glimpses of our preparation workshop for the launch!Keep watching our space and follow us for more updates!",Team updates
You are about to experience season 2's finest mouth watering soccer action come this Sunday at @5AsideBuwate. All #TeamUpdates are positive. ,Team updates
Today almost 80 Finance staff had a virtual huddle introducing new CFO & sharing info,Team updates
"""Be open, transparent and authentic - every day, consistently"" - @JoannaSwash, @HRGrapevine webinar 15/07/2020, and always!",Team updates
"We are glad to announce #Pitbull is part of @coinstats #TeamUpdates,one of the best Portfolio Tracker With this privilege, $PIT investors & app users will know latest news instantly!",Team updates
Your #YellowMachine Squad has been named to take on in the #StoneCity7s this weekend in Jinja - Dam waters.,Team updates
expectations:-meet your bias-selca w/ bias-physical touch-get an authograp reality:,Team updates
We love that our team keeps growing!Welcome to Everstage!,Team updates
Here is our squad ready to take on in the #Kitgum7s. Who are you excited to see on the lineup?,Team updates
Nothing is more exciting than seeing your team grow!,Team updates
The Danish INVENT team is happy to welcome Dr. Eva Myrczik as a postdoctoral researcher to the team!,Team updates
Starting fresh into the new week with our weekly meeting!,Team updates
We are absolutely delighted to confirm 2 promotions within our team With immediate effect Leanne is promoted to Administration Manager and Danielle is promoted to Senior Administrator Huge congratulations to you both ,Team updates
Phil The Power Taylor joined Noel Walsh at the Horton Building Plastics BBQ in Stoke earlier today!,Team updates
#TeamDivisoria wishes you all a safe and merry Christmas!,Team updates
"We couldn't be prouder to announce that our Senior Content and Social Media Executive, Jessica Kenny has successfully passed her probation!It has been a joy to watch Jess flourish in her role and we look forward to her continued time at Nutcracker.",Team updates
"Friday feast at CG HQ Our monthly team lunch, courtesy of Eatcetera, went down a treat this afternoon.",Team updates
"Our 'Retros' â€“ biweekly internal meetings â€“ are a great way to come together, share wins, updates, and knowledge, and celebrate our successes as a studio!",Team updates
 Important Update: Just to set the record straight â€“ we currently don't have any employees. Our amazing team is fueled by dedicated professionals who are committed to excellence. Beware of impostors claiming to be part of Moms Mobile Oil Change; anyone posing as an employee is not associated with us. Feel free to reach out if you have any questions or if there's anything we can assist you with,Team updates
"Moving on up!Did you know about our move? We recently upgraded our offsite facilities in Chorley to better accommodate the team and our growing business. Whilst we're at the same site as before, we have moved into a new and larger building that is better suited to our needs. We're working on some amazing projects, and our new facilities are a big part of making them a success. ",Team updates
"Harmonising audio & AV elements, immerse your audience in a sensory delight. Clarity of sound, visuals in motion, & captivating lighting set the mood for your event.Contact Gearhouse Group for our range of services, including:Lighting AV Audio",Events
Proud to have created a very special experience with Sir Rod Stewart & Mr Johnny Depp in support of Celia Hammond Animal Trust.Johnny agreed to help by playing Elvis Presleyâ€™s original Red Hagstrom Viking II guitar.,Events
Economic Events Calendar for Next Week as Published in @tradeswift Weekly Newsletter,Events
Encounter love beneath the moonlit sky with a touch of Full Option magic ,Events
mbark on a journey of exceptional moments with Crown Banqueting Suite!Secure your date nowğŸ‰âœ¨Ready to make your event extraordinary?,Events
Ready for another fabulous and fresh event by @ThePiXLNetwork at @TheKingsFund London . Looking forward to chatting with some amazing #MATs from around the region.,Events
We're very excited to be welcoming a wide range of short sessions throughout the  Dance-a-thon to keep you all entertained for the full 12 hours! In between these short sessions we'll be dancing away to a disco,Events
There are some great business #events happening in #Doncaster and the wider South Yorkshire region. Why not get involved?,Events
Bitcoin Foundation (@BTCFoundation) to host conference in Amsterdam on May 15-17 ,Events
"ğŸ“¢ ğŸ’¡Calling All Visionaries and Innovators!We are excited to announce that Crypto Fest #CapeTown is back & the theme is once again CRYPTOPIAğŸ’«Join us in shaping the future with the hottest discussions in #Web3, #crypto, and #blockchain.Ready to make your mark?",Events
Just attended an amazing conference on #AI and #MachineLearning. The insights shared by the speakers were mind-blowing! Can't wait to implement some of these ideas into our projects,Events
Attending a networking event tonight to connect with professionals in the industry. Excited to exchange ideas and learn from others' experiences,Events
Participated in a hackathon over the weekend and had a blast collaborating with fellow developers. Our team built a cool new app that we're really proud of!,Events
"Excited to dive into the world of cryptocurrency at the upcoming event! From Bitcoin's meteoric rise to Ethereum's innovative smart contracts, there's so much to explore. Join me as we unravel the mysteries of blockchain technology and its potential to revolutionize industries. Can't wait to hear from industry experts and thought leaders sharing their insights and predictions. See you there!",Events
"ounting down the days to the blockchain event of the year! With Bitcoin hitting new all-time highs and Ethereum's ecosystem expanding rapidly, this event couldn't come at a better time. Get ready for engaging discussions on decentralized finance (DeFi), non-fungible tokens (NFTs), and the future of digital currencies. Don't miss out on networking opportunities with fellow enthusiasts and innovators shaping the crypto landscape",Events
"Mark your calendars for the upcoming crypto event featuring talks on Bitcoin, Ethereum, and the latest trends in blockchain technology. Whether you're a seasoned investor or just curious about the digital asset space, there's something for everyone. Explore the potential of decentralized applications (dApps), decentralized autonomous organizations (DAOs), and other exciting developments. Join the conversation and stay ahead of the curve",Events
"Exciting news! The upcoming event promises to be a deep dive into the world of cryptocurrencies and blockchain. From the latest updates on Bitcoin's market dominance to Ethereum's upcoming protocol upgrades, we'll cover it all. Learn about the underlying technology powering these digital assets and the potential impact on traditional finance. Don't miss out on this opportunity to expand your knowledge and connect with industry insiders.",Events
Ready to level up your crypto game? Join us at the upcoming event where we'll discuss everything from Bitcoin's recent price movements to Ethereum's transition to proof-of-stake. Dive into the world of decentralized finance (DeFi) and explore new opportunities for yield farming and liquidity mining. Connect with fellow enthusiasts and industry experts as we explore the future of blockchain technology together,Events
"Excited to announce the upcoming event focused on Bitcoin, Ethereum, and the wider blockchain ecosystem. From decentralized finance (DeFi) to decentralized autonomous organizations (DAOs), we'll explore the latest trends and developments shaping the industry. Hear from leading experts on topics like scalability, interoperability, and privacy in the world of cryptocurrencies. Don't miss out on this opportunity to expand your knowledge and network with like-minded individuals.",Events
"Get ready for an immersive experience at the upcoming blockchain event! With Bitcoin reaching new heights and Ethereum's network undergoing major upgrades, there's never been a more exciting time to be involved in crypto. Join us for thought-provoking discussions on topics like digital identity, cross-chain interoperability, and the future of decentralized finance (DeFi). Don't miss out on this opportunity to learn from industry leaders and connect with fellow enthusiasts",Events
Understand how investors play the long game with the coffee can investing strategy - turning their spare change into great ROIs.Follow @Strike_ic for more interesting and informative videos.,Market insights
Let's decode the secrets behind these market movements!,Market insights
Curious about the current state of the forex market? Share your insights and perspectives! What's your take on the latest trends and forecasts?,Market insights
"Investors, consider these latest updates for strategic trading analysis. ğŸ“ˆ Their impact ripples across markets, and staying well-informed enhances the precision of your trading decisions",Market insights
"Nvidia's shares rose-3 as Goldman-Sacks increased its price-target to $800, anticipating sustained-demand for accelerated-computing.",Market insights
"Global-Foundries' stock slid 2 after JPMorgan downgraded it to neutral citing a ""deeper-cycle"" bottom amid weakening manufacturing-activity.",Market insights
Points To Keep Eye In The Market Today Ready to explore the highs and lows of the market?,Market insights
Stay ahead with real-time market insights on #LaunchpadXYZ. Make timely decisions with live data feeds and analytics.,Market insights
"Unlocking Axis Bank's potential: Balancing on the edge of a rising channel, but danger lurks below. A close under 1020 could unlock downside potential to sub-950 and perhaps 900. Crucial for Axis Bank to defend 1020 to sustain momentum.",Market insights
Step into the evolving landscape of the #Roll #Forming #Machine #Market!  Discover the latest technologies and trends #revolutionizing metal forming processes worldwide.,Market insights
"In the ever-evolving business ecosystem, rely on XBI4 to decode market intricacies, offering a roadmap to success through meticulous market research.",Market insights
"Alan Sternberg, #Founder of our portco Beams Safety AI, dropped some great insight in our latest #VCBenchmark report.Heâ€™s just one of many contributors in our Q4 2023 VC Benchmark report",Market insights
"Check out this market insight! ğŸ”ğŸ“ˆ Whether it's buyers or sellers, understanding the dominant force is key to success.",Market insights
"Keep up with the fast-paced world of crypto through Akrido's insightful market reports. Tailored for quick understanding, they're the busy professional's key to staying informed.",Market insights
"Market Update: Bitcoin surges past $50,000 mark, Ethereum follows suit with new all-time high. Blockchain technology continues to revolutionize finance, with DeFi projects gaining momentum. Stay informed for more insights!",Market insights
"Exciting times in the crypto market! Bitcoin hits record highs, Ethereum not far behind. Blockchain innovations reshape industries, from finance to supply chain. Don't miss out on the latest insights!",Market insights
"Breaking: Bitcoin breaks through resistance, Ethereum rallies alongside. Blockchain adoption accelerates as institutions embrace decentralized finance. Stay tuned for market analysis and insights!",Market insights
"Crypto frenzy: Bitcoin soars, Ethereum follows the lead. Blockchain's disruptive potential attracts global attention. Get the latest market insights and trends here!",Market insights
"Market Watch: Bitcoin's meteoric rise, Ethereum follows the trend. Blockchain technology reshapes traditional finance. Dive into the latest insights and analysis! ",Market insights
"Bitcoin hits new milestones, Ethereum not far behind. Blockchain's transformative power extends beyond finance. Explore market insights and stay ahead of the curve!",Market insights
Exciting news! Our #blockchain project is launching its ICO! Get ready to revolutionize the way we transact and interact online. Join us as we introduce our cutting-edge technology to the world.,ICO announcements
"Introducing our groundbreaking ICO! With a focus on decentralization and security, we're set to disrupt the traditional financial landscape. Join us in shaping the future of finance",ICO announcements
 Ready to participate in the next big thing? Our ICO is now live! Don't miss out on the opportunity to be part of a revolutionary project that's changing the game. Secure your tokens today!,ICO announcements
"It's official! Our ICO is underway, offering investors a chance to support our vision for a decentralized future. Join us in building the infrastructure for the next generation of digital assets",ICO announcements
" Exciting times ahead! Our ICO is now open for contributions. Be part of the journey towards a more inclusive and transparent financial system. Together, we can redefine the future of money.",ICO announcements
 Calling all crypto enthusiasts! Our ICO is live and kicking! Join us as we pave the way for a decentralized economy. Don't miss your chance to be part of the revolution.,ICO announcements
"Our ICO is here! With a focus on scalability and interoperability, we're poised to unlock the full potential of blockchain technology. Join us as we embark on this groundbreaking journey.",ICO announcements
"Exciting news! Our ICO is now open to the public. Invest in our project and be part of the future of finance. Together, we can create a more accessible and inclusive financial ecosystem",ICO announcements
"Join us as we launch our ICO! With a strong emphasis on security and transparency, we're committed to building a better future for decentralized finance. Get involved today!",ICO announcements
"Don't miss out on our ICO! With a focus on usability and adoption, we're set to revolutionize the way people interact with blockchain technology. Join us in shaping the future of decentralized applications",ICO announcements
" Exciting times ahead! Our ICO is now live, offering investors an opportunity to support our vision for a more decentralized world. Join us as we pave the way for the future of finance",ICO announcements
Ready to be part of something big? Our ICO is now open for contributions! Join us as we redefine the future of finance with our innovative blockchain solution. Secure your tokens today!,ICO announcements
"Get ready to revolutionize the way we transact! Our ICO is officially live, offering investors a chance to be part of the next big thing in blockchain technology. Don't miss out!",ICO announcements
" Exciting news! Our ICO is now open for investment, offering participants a chance to support our mission of creating a more inclusive and accessible financial ecosystem. Join us today! Join us as we launch our ICO! With a focus on scalability and sustainability, we're committed to building a decentralized future. Invest in our project and be part of the revolution.",ICO announcements
"Ready to change the world? Our ICO is now live, offering investors a chance to support our vision for a more decentralized future. Join us as we pave the way for the next generation of blockchain technology",ICO announcements
" Exciting times ahead! Our ICO is officially underway, offering investors an opportunity to be part of a revolutionary project that's reshaping the future of finance. Don't miss out!",ICO announcements
" Don't miss out on our ICO! With a focus on security and usability, we're set to revolutionize the way people interact with blockchain technology. Join us in shaping the future of decentralized finance",ICO announcements
" Our ICO is here! Join us as we introduce our groundbreaking blockchain solution to the world. With a focus on scalability and interoperability, we're ready to disrupt the status quo",ICO announcements
" Exciting news! Our ICO is now open to the public, offering investors an opportunity to be part of the next big thing in blockchain technology. Invest in our project and secure your future today!",ICO announcements
On our way to the #ICOrace Lugano and final fine tuning of @theCLRTYproject pitch deck.,White Paper release
Boom ğŸ’¥ @theCLRTYproject made it throughout to the finals of #ICORace2018 ğŸ™ğŸ™ŒğŸ¤— #ICORace #TheClarityProject #Blockchainforgood #whitepaperrelease Wish us luck tomorrow ,White Paper release
Great location for our meeting approving the first draft of the @theCLRTYproject,White Paper release
âš¡ï¸Make way for the KnitFinance Whitepaper - the A-Z guide to all things KNIT ğŸ’ªğŸ”The whitepaper is a complete guide to all things that make up KnitFinance.,White Paper release
"The Hyena Coin white paper is being released on October, 23, 8PM EST (October 24th, 00:00 UTC)",White Paper release
"We'd like to thank #TheNekoArmy for its incredible support, from all of us in #TheNekoTeam a big thank you.Officially the #WhitePaperRelease will be on Sunday, June 20th, 2021.",White Paper release
Our whitepaper is now live on our website take a look at http://clarityproject.io to find out more!,White Paper release
Exciting News! Our game-changing whitepaper is here!https://roverrealm.gitbook.io/roverrealm/ Follow us for updates and join us on telegram!@pulsarmoney Send 100000 HYPE to 100 reactions,White Paper release
"Sitting relaxed in front of my laptop,waiting for some news ğŸ’¥from #DAOMaker ",White Paper release
ğŸ“¢ Delighted to unveil our official WHITEPAPER!  Dive into the future with @MutantTitans Learn how we're revolutionizing the NFT space.Get ready to embark on a journey of innovation!,White Paper release
âš¡ï¸Make way for the KnitFinance Whitepaper - the A-Z guide to all things KNIT The whitepaper is a complete guide to all things that make up KnitFinance.,White Paper release
"The whitepaper is a complete guide to KNITâ€™s vision, mission, how it works, the need for KnitFinance, KNIT tokens, interoperability, liquidity, security, partnerships, roadmaps, team, and more.",White Paper release
"The whispers have taken shape. Can you hear them? Introducing the initial 'Enigma Is Coming' Project Whitepaper. Expect it to evolve, much like our journey. Dive into the mystery",White Paper release
"Another week, another massive Kahuna Update! Want to know what Kahuna is really all about?Stay tuned for our Whitepaper, coming out soon. Not in a movie theater, but right here! ",White Paper release
"Exciting News! ğŸš€ Mark your calendars ğŸ—“ï¸ Our highly anticipated Soda Swap White Paper is dropping this Friday, February 9th, at 12:00pm â° Dive deep into the fizz with us!",White Paper release
OpenEggs next week -Whitepaper release -Website live-Easter Eggs utilities revealed -Incubation Centre information-$OVO potential uses -Socials the following week. Gives everyone a chance to read everything before deciding to join us ,White Paper release
"Just a couple of weeks after unveiling our white paper, we're overjoyed to reveal that our initial token is all set to make its launch this week! Get ready to join the Hurricane as we build the future of finance!",White Paper release
Exciting news! We are thrilled to announce that our updated whitepaper will be released tomorrow. Stay tuned for insights into our vision and the future of our industry.,White Paper release
Exciting news! We are thrilled to announce that our highly-anticipated #Whitepaper is now ready! Dive into the details and discover how we're revolutionizing the world of finance with #Corn!,White Paper release
" GM WARRIORS, TODAY is THE DAY! ğŸ”¥ Brace yourselves for the EPIC UNVEILING of our WHITEPAPER at 6pm EST! ğŸŒŸ Dive into an UNFORGETTABLE journey in #NFT and #Mining! ğŸš€ğŸ‰ #ZeroDaysLeft #WhitepaperRelease ğŸ“œğŸ’¥ Warriors, get ready to ERUPT with excitement!",White Paper release
ICO and ICO Listing Platforms the new folds of ICO industry!,ICO updates
The Feelium pre ICO is LIVE!! Buy Feelium tokens now at,ICO updates
Cryptocurrency users in India are using the internet to voice their protest over a recent crackdown by the countryâ€™s central bank.Will signing the petition get the government to listen? ,ICO updates
The new airdropform for the krosscoin distribution is out... Join now and input @delilonia as ur referrer and make sure to join their telegram group @ http://t.me/krosscoin_KSS   fill the form now after this @  ,ICO updates
"2018 has been a tough year for the cryptocurrency markets, and crowdsales have suffered the worst part of it.Take a look at the stats in the market in this article. Do you think ICOs are now too risky to invest in?",ICO updates
"* Remember! the airdrop event and referral program will no longer be available when #StreamCoin ICO ends on April 30, 2022.",ICO updates
Exciting news! Our ICO is gaining momentum with strong community support. Stay tuned for updates on our innovative blockchain project.,ICO updates
"As our ICO progresses, we're thrilled to announce partnerships with leading blockchain firms. Together, we're shaping the future of decentralized finance.",ICO updates
"Big things happening! Our ICO just reached a major milestone, thanks to our dedicated team and supportive community. Join us on this journey towards revolutionizing the crypto space",ICO updates
Update: Our ICO has attracted attention from investors worldwide. Discover why our project is generating buzz in the blockchain community.,ICO updates
Breaking news: Our ICO is now live! Don't miss out on the opportunity to be part of our groundbreaking blockchain venture. Get involved today!,ICO updates
"The response to our ICO has been overwhelming! We're grateful for the incredible support from our community. Together, we're building a brighter future for blockchain technology.",ICO updates
We're thrilled to announce that our ICO has surpassed its fundraising goals. Thank you to everyone who contributed to our vision of a more inclusive and transparent financial system.,ICO updates
"It's official: Our ICO is off to a strong start, thanks to the support of early investors and crypto enthusiasts. Join us as we redefine the future of finance through blockchain technology.",ICO updates
Update: Our ICO is gaining traction in the crypto community. Learn more about our vision for a decentralized economy and how you can get involved.,ICO updates
Breaking: Our ICO has received endorsement from prominent figures in the blockchain industry. Explore our project and join the movement towards a more equitable financial system.,ICO updates
"We're excited to announce a new phase of our ICO, with innovative features and enhanced benefits for contributors. Join us as we pave the way for a decentralized future.",ICO updates
Great news! Our ICO has been featured in leading crypto publications. Explore our project and see why experts are bullish on our vision for blockchain innovation,ICO updates
"Update: Our ICO is exceeding expectations, with enthusiastic support from investors worldwide. Discover why our project stands out in the crowded crypto landscape.",ICO updates
"Momentum is building for our ICO, with growing interest from both institutional and retail investors. Explore our project and join us on the journey to mainstream adoption of blockchain technology.",ICO updates
Forge Your Own PathğŸ¦´ğŸ¦´All engagement consider for SKLTSList.Winners announced within 24 hoursğŸ‘€,NFT release
"It's a donut lover's dream come true!During our 2-hour premint, secure your ""free"" Season One pass for exclusive perks and an extra donut to savor.Get ready for the release!November 5th",NFT release
ayy got my Shroomio! Love this guy lol,NFT release
"Exciting News: The First Drop of ""Crows"" NFT Collection Coming Tomorrow, if Opensea let me More Details in comments Below ğŸ‘‡",NFT release
Check out my item listing on OpenSea,NFT release
Don't miss out on @0xLEG1ON and join the allowlist!http://shorturl.at/ovHV6 It is not only a #PFP collection! It is much more and the gateway to an upcoming metaverse created by @DystoPunks Enjoy all these amazing characters which are part of a bigger universe! ,NFT release
"From a cosmic collision emerged a powerful light that exposed Ethark to Earth, causing a genetic mutation between the two species.Thus, Melian and Sabrian were born. ",NFT release
http://thegreatawakeningnft.com #NFT Minting is live!!!.00369 ETH,NFT release
@EverRise is always changing the game! ğŸ˜,NFT release
"Our story begins long before humankind made its first appearance on earth...Dinosaurs roamed the earth alongside other species. ğŸŒUntil one day, an asteroid shower hit our planet, causing destruction and altering our entire ecosystem. â˜„ï¸",NFT release
BOBBAA Phase 1.2 Revealed!check your items here:https://opensea.io/collection/bobbaa-1Coming soon Phase 1.3 LFG!!! ğŸš€,NFT release
Morning Legends â˜€ï¸âœ¨ğŸŒ™âœ¨ Save the Date! Crows Drop #2 is set to unveil its mystic tales on December 15th at 6 AM UTC. ğŸš€ Dive into the enchanting world of RavensWeb City. Limited editions awaitâ€”mark your calendars! ğŸ¦â€â¬›ğŸ™ï¸ ,NFT release
REVEAL in 48 HOURS What will you hatch??,NFT release
"Get ready for an exclusive 2-hour window to grab your Season Pass One during the freemint event! â³ Limited passes available, so mark your calendar for the release. ",NFT release
"In nature's gentle hand, one finds their place,Each petal, a chapter, a mystery to embrace,Within each bloom, a chance to see,Toughts taking flight, soaring wild and free.",NFT release
AMPD ft realese are the next on the list.Coming in hot!!,NFT release
This is ***ing epic! Check out this @SarugamiNFT one shots #5! Got revealed last night and now sits in my wallet! LFG! ğŸš€ğŸš€,NFT release
A very beautiful picture of a golden age,NFT release
Here's the 4thT:Cow release schedule.Get one before the price increases.,NFT release
"Get ready for the unexpected details about our first NFT will be released soon and trust us, it won't be what you expected Stay tuned for more hints!",NFT release
"Excited to announce our new partnership with pioneering NFT artists! Together, we're revolutionizing the digital art world by merging blockchain technology with artistic expression. Stay tuned for exclusive drops and collaborations that will redefine the NFT landscape.",Partnership with NFT artists
"Thrilled to join forces with innovative NFT creators to explore new realms of digital ownership and creativity. Our partnership aims to empower artists, elevate digital art, and create unique opportunities within the blockchain ecosystem. Watch this space for groundbreaking collaborations!",Partnership with NFT artists
"Breaking barriers in the NFT space with our latest collaboration with visionary artists. Together, we're bridging the gap between traditional art and blockchain technology, paving the way for new possibilities and unprecedented digital experiences. Stay tuned for exciting announcements! ",Partnership with NFT artists
"Proud to announce our partnership with trailblazing NFT artists, pushing the boundaries of creativity and innovation. Through this collaboration, we're reshaping the future of digital art ownership and democratizing access to unique creations. Join us on this transformative journey!",Partnership with NFT artists
"Joining forces with forward-thinking NFT artists to unlock the true potential of digital art. Our partnership is dedicated to fostering creativity, promoting inclusivity, and revolutionizing the way we perceive and interact with art in the digital age. Get ready for groundbreaking collaborations! ",Partnership with NFT artists
"Thrilled to announce our collaboration with visionary NFT artists, blending artistry with blockchain technology to create immersive digital experiences. Together, we're shaping a new era of artistic expression and empowering creators to reach global audiences like never before. Stay tuned for exciting updates!",Partnership with NFT artists
"Exciting times ahead as we team up with cutting-edge NFT artists to redefine the future of digital ownership and creativity. Our partnership aims to break down barriers, foster collaboration, and drive meaningful change within the NFT ecosystem. Get ready to witness the power of art on the blockchain! ",Partnership with NFT artists
"Breaking news: We're thrilled to announce our partnership with groundbreaking NFT artists, leading the charge in the digital art revolution. Together, we're leveraging blockchain technology to empower artists, redefine ownership, and unlock new possibilities for creative expression. Stay tuned for game-changing collaborations!",Partnership with NFT artists
"It's official! We're partnering with visionary NFT artists to revolutionize the way we experience and collect digital art. Through this collaboration, we're empowering artists, promoting inclusivity, and reshaping the future of creativity on the blockchain. Join us as we embark on this transformative journey",Partnership with NFT artists
"Proud to announce our collaboration with pioneering NFT artists, driving innovation and creativity in the digital art space. Together, we're exploring new frontiers, pushing boundaries, and redefining the relationship between art and technology. Get ready for groundbreaking collaborations that will shape the future of digital art! ",Partnership with NFT artists
"Exciting news! We're teaming up with visionary NFT artists to revolutionize the digital art world. Our partnership is all about pushing boundaries, fostering creativity, and empowering artists to thrive in the blockchain era. Stay tuned for exclusive drops and collaborations!",Partnership with NFT artists
"Ready to disrupt the status quo with our partnership with forward-thinking NFT artists. Together, we're harnessing the power of blockchain technology to redefine digital art ownership, empower creators, and create new opportunities for artistic expression. Join us on this transformative journey! ",Partnership with NFT artists
"Breaking down barriers with our collaboration with innovative NFT artists. Together, we're on a mission to democratize access to digital art, empower creators, and reshape the future of ownership. Stay tuned for exciting announcements and groundbreaking collaborations! ",Partnership with NFT artists
"hrilled to announce our partnership with trailblazing NFT artists, driving innovation and creativity in the digital art space. Together, we're breaking new ground, pushing boundaries, and shaping the future of art on the blockchain. Get ready for game-changing collaborations! ",Partnership with NFT artists
"Breaking news: We're teaming up with visionary NFT artists to pioneer the next wave of digital art. Our partnership is all about pushing boundaries, fostering creativity, and redefining the relationship between art and technology. Stay tuned for groundbreaking collaborations! ",Partnership with NFT artists
" Exciting times ahead as we partner with groundbreaking NFT artists to revolutionize the digital art landscape. Together, we're leveraging blockchain technology to empower creators, redefine ownership, and unlock new possibilities for artistic expression. Join us on this transformative journey",Partnership with NFT artists
"Breaking barriers in the NFT space with our latest collaboration with visionary artists. Together, we're bridging the gap between traditional art and blockchain technology, paving the way for new possibilities and unprecedented digital experiences. Stay tuned for exciting announcements! ",Partnership with NFT artists
"Proud to announce our partnership with innovative NFT creators, driving innovation and creativity in the digital art space. Together, we're exploring new frontiers, pushing boundaries, and reshaping the future of digital art ownership. Get ready for groundbreaking collaborations that will shape the future of art!",Partnership with NFT artists
"Breaking news: We're thrilled to announce our collaboration with trailblazing NFT artists, leading the charge in the digital art revolution. Together, we're leveraging blockchain technology to empower artists, redefine ownership, and unlock new possibilities for creative expression. Stay tuned for game-changing collaborations!",Partnership with NFT artists
"It's official! We're partnering with visionary NFT artists to revolutionize the way we experience and collect digital art. Through this collaboration, we're empowering artists, promoting inclusivity, and reshaping the future of creativity on the blockchain. Join us as we embark on this transformative journey",Partnership with NFT artists
"Follow us on Instagram, @gryphonhr_i9!",Platform Updates
Follow us on@Linkedin@GryphonHRfor Platform Updates!,Platform Updates
Check out our latest releases to see what's new with the itslearning  platform,Platform Updates
"Latest Platform Updates Curious about the latest improvements on our platform? Here's a sneak peek into today's updates, making your experience even smoother and more convenient. Let's dive in! ğŸ”§ğŸŒ",Platform Updates
Here comes the new update of twitter !ğŸ˜,Platform Updates
"will it be possible to run project data updates automatically using ant, just like updatesystem?",Platform Updates
Don't sweat this summer; we're here for you every month with our platform updates summary! ğŸ˜,Platform Updates
The latest platform updates; an early Christmas present from us to you ğŸ Enjoy,Platform Updates
"Great talk by #willwheaton at #TwitchCon2019 good show so far, nice to see users and new partners being promoted as well. Also I dig the new updates to the platform",Platform Updates
"id you hear the news? #Twitter introduces Twitter Create, a monetization hub for creators. Here is a list of all the recent platform updaates",Platform Updates
"Did you miss last week's platform updates? Check them out below! Also, subscribe to make sure you don't miss another",Platform Updates
Weâ€™ve been working hard over the last month to make Airship the best it can be. Have a look at the improvements weâ€™ve made here:,Platform Updates
Stay tuned for more updates as we continue to enhance your experience on our platform,Platform Updates
"Exciting updates! Dedicated app for business hours, improved information retrieval & personalization, more fallbacks for rare edge cases, ability to buy Canadian numbers & bug fixes. Stay tuned for more!",Platform Updates
"Did you know that every moment, more than 30,000 people around the world press play on the same song on @Spotify? Check out their â€œListening Togetherâ€ campaign for FACTS",Platform Updates
"Despite the current crisis, the #Mopinion team has continuously worked hard to make valuable improvements. There are several cool new features and #PlatformUpdates such as compliance with the same site #CookiePolicy, and a series of new #Integrations. â€¦",Platform Updates
Check out the platform update from itslearning,Platform Updates
Put a pin in it.You can now pin a post to the top of your @instagram profile by navigating to a specific photo or Reel and clicking on the three dots in the top right corner and selecting â€œPin to your profile.â€,Platform Updates
We are thrilled to share the strides we've made in January.Follow the link to check out the snapshot of our monthly achievements,Platform Updates
"Tomorrow, 11:30am on FB Live!Physical + Spiritual Healing See you there!",Community discussion / AMAs
Get LIT!: Where Is the RIGOR in the culturally pedagogy? PLC 2018 Session,Community discussion / AMAs
We can't believe it was only three months ago that we kicked off the podcast. Relive our maiden voyage a,Community discussion / AMAs
How can SC remedy itâ€™s #teachershortage? Read CERRA Director Jane Turnerâ€™s thoughts in a post on @SCTEACHERTweetsâ€™ site. Letâ€™s continue thi,Community discussion / AMAs
"Get ready! ğŸš¨Our very first #AMA Discord kicks off in just 30 minutes with @SuperSoze ğŸ™ï¸Don't miss the opportunity, see you there! ğŸš€",Community discussion / AMAs
"We are Really excited to announce our AMA session with @RentSpacecoâ°FEB 8th , 7 AM UTC â¤â€ğŸ”¥Follow @ICPMintToday & @RentSpacecoâ¤â€ğŸ”¥Like & Retweet â¤â€ğŸ”¥ 3x WL for 3 winners who RTğŸ‰Ask your AMA questions in The comments ğŸ’¬ best questions Will be rewarded ",Community discussion / AMAs
ğŸ¥³ We're thrilled about the upcoming AMA session with you on FEB 8th. Can't wait! ,Community discussion / AMAs
"To get started ğŸ‘‡ğŸŒŸ join the Reddit community http://reddit.com/r/UniLend/ Save the dateğŸ—“ï¸1st Feb., 2 PM UTCğŸ“… Don't miss out on the conversation",Community discussion / AMAs
"Join the #Metablockchain #AMA with @CAST_my_NFT! â° Date: 13:00  UTC on February 21st, 2024 (UTC) AMA Venue: https://binance.com/en/live/u/32163808ğŸ’° Total Rewards: 200$ usdt #CAST_my_NFT #ama 5 Questions from this tweet will be selected and rewarded. Like and Retweet.",Community discussion / AMAs
Looking forward to the Live AMA with Michael M. Lee,Community discussion / AMAs
"AMA is coming with @CyberCityInc#GameFi #AMAHere are the detailsğŸ‘‡ğŸRewards: 15 USDT & 5 NFTs in-game Lootboxesâ°Time: 7th Feb, 8 PM SGT",Community discussion / AMAs
Join us for the Binance Live #AMA with @raptoreumğŸ“¢ Guest : David Owen MorrisğŸ•°ï¸ 8rd February 2024 - 2:00 PM UTCğŸ Reward: $150 USDT,Community discussion / AMAs
"ğŸ™ï¸We will hold an X Space #AMA With @zkLink_Officialâ° February 8th, 2024 at 01:00 PM UTC ğŸ¦Set reminder here: https://x.com/i/spaces/1OdJrjwrBAPJXğŸ$50 USDT To be Won 5 Best Questions and 5 Free asking",Community discussion / AMAs
"ğŸ¤ #AMA Announcement âš¡ï¸ #Kommunitas is excited to announce our AMA session with Mr. Jono Lester, Growth Lead of @BountyTemple Telegram  Date and Time: 6th February 2024, 06:00 AM UTC Venue: https://t.me/kommunitas X Space ğŸ—“ Date and Time: 5th February 2024, 06:00 AM UTCğŸ“ Venue: https://twitter.com/kommunitas1 Total rewards: $200 in $KOM for will be distributed among 20 winners across both winners.",Community discussion / AMAs
ğŸ”ºJoin the movement with #CoinMerge Technologies Inc. and be a part of the future of decentralized finance in the #Web3 ecosystem.,Community discussion / AMAs
"It's #AMA Time  Join #Gateio Community Manager @denisquant hosting an AMA with Ayush Garg, Marketing & Operations Lead of @UniLend_Finance where they talk about #UFT Venue: https://twitter.com/i/spaces/1RDGllOAaMRGLğŸ“…Feb. 5th, 11:00 UTC",Community discussion / AMAs
ğŸ“¢ Today's the day! Get ready for an AMA with the @DiracFinanceTeam! ğŸ“… Date: February 7 â°Time: 8 pm CETğŸ“Where: https://discord.gg/Smv32zCn?event=1204127958382411799 Mark your calendars and prepare your questions. See you there!   ,Community discussion / AMAs
 AMA Announcement We are so excited to join the first #AMA with @CaesarsCalls to introduce our $DGI ecosystem and how we reshape income in #Web3 Gaming.â°Set your alarm for 5 pm UTC today.,Community discussion / AMAs
ğŸ“¢ We're thrilled to announce our next Binance Live #AMA with Smart Island on 5th February 2024 at 2:00 PM UTCğŸ˜ï¸ Venue: https://binance.com/en/live/u/48257628ğŸ† Reward Pool: $100ã€½ï¸ Rules: ,Community discussion / AMAs
"To celebrate the upcoming season, #BurgerCities has prepared a massive #Airdrops event!Rewards: 100 X 100 $Burgerdiamond each.ğŸ¨ 100 X 2024 Yearly NFT.ğŸ‘‘ 5 X BurgerKing Equipment.",Airdrops
"ğŸ¥³ Bcloop X Crypto Tech Big #Airdrop  Rewards Â»Â» 500$ in $BCLâœ… Follow @bcloopioâœ… Like, RT and Tag 3 Friendsâœ… Complete #Gleam â¤µï¸https://gleam.io/A9tEP/bcloop-airdropâŒš Ending 12 February",Airdrops
"ğŸŒŸ SuperDefi_Dao X  @Bearstreetcoin #Coin BIG #Airdrop ğŸ Prize Pool Â«Â» 600,000,000 $BSC Coins #Giveaway âœ… Follow @SuperDefi_Dao & @Bearstreetcoinâœ… Like, RT and Tag 3 Friends âœ… Complete #AirdropBot â¤µï¸ https://t.me/BearStreetAirdropBotâ° End Date :- 14 January.",Airdrops
"Airdrops to first 2000 Followers, $100 #Airdrops to everyone 1. Retweet pinned tweet 2. Follow3. Drop Sol Wallet4. Comment Done",Airdrops
ğŸ“¢ NEW #ADBULL COMPETITION ğŸš€ğŸ 100.000 $ADBULL as #giveaway ğŸ† 50 lucky winners to share 100.000 $ADBULLğŸ—£ï¸ Refer friends for extra entriesğŸ”¥ Join here: https://gleam.io/JQpuN/adbull-competitionâ° 8 Days,Airdrops
"New airdrop: Beldex (BDX)Total Reward: $10,000 worth of BDX Rate: â­ï¸â­ï¸â­ï¸â­ï¸Winners: For EveryoneDistribution: 15th February",Airdrops
"miners, assemble! ğŸŒ Show your mining pride by dropping your country flag ğŸŒ below! Let's unite and create a global support for #AtheneNetwork",Airdrops
You will thank yourself in future for not missing #OverProtocol Airdrop Retweet if you have more than 20k Points.,Airdrops
$CAESAR is coming home to Solana Apes Together Stronger - This is a Movement,Airdrops
"Distribution Starts Soon... ğŸª‚1. Follow, like, repost2. Drop Your $SOL Wallet for a guaranteed Airdrop ğŸ‘‡",Airdrops
"ğŸª‚ Westeroscity #Airdrop ğŸ’° Prize: 7,500 $WLUCK & 90 $USDTğŸ† Winner: 30 RandomğŸ‘¨â€ğŸ‘¨â€ğŸ‘¦â€ğŸ‘¦ Top 15 Referral: 4 $USDT EachğŸ“… End date: 20 Feb, 2024ğŸ¦ Distribution: 21 Feb, 2024",Airdrops
For Airdrop: âœ… Like + RT âœ… Follow @Caesar_Solâœ… Join TG: http://t.me/CaesarCoin,Airdrops
Fortune's GPS keeps rerouting me to #UNLUCKY destinations.âš¡ï¸Associate 0.0.3957917 to get $UNLUCKY quoted #airdrops which will enable your wallet to receive a FREE MINT + WL at our Feb 13 mint!ğŸ‘‰RT + â¤ï¸ + Tag  ğŸ«‚,Airdrops
"New airdrop: Cadabra Finance (ABRA)Total Reward: $300,000 worth of ABRARate: â­ï¸â­ï¸â­ï¸â­ï¸Winners: For EveryoneDistribution: 25th March",Airdrops
"Enjoy faster and more secure #cryptocurrency and #Airdrops transactions with the new Biometrics Feature on Gamic ğŸ§¬ Secure Connectionsâœ… Quicker Transactions âœ… Claim Airdrops Faster âœ… Faster Rewards âœ… Personalized Experience You can now access your account and wallet, confirm transactions and #claim airdrops with Fingerprints or Face ID. Hereâ€™s how: Settings â¡ Security â¡ Toggle Biometrics on",Airdrops
 Exciting News: CoinMath DevNet Airdrop is Here! ğŸª™ğŸ‰ğŸš€ Join the CoinMath DevNet Airdrop on Solana Blockchain and get 100 COIM tokens absolutely FREE! ğŸ’ğŸ How to Participate:1ï¸âƒ£ Start the conversation with our Airdrop Bot: http://t.me/CoinMath_Bot2ï¸âƒ£ Complete the registration on CoinMath DevNet platform as instructed.3ï¸âƒ£ Enjoy 100 COIM tokens credited to your Solana wallet!ğŸŒ Website: http://coinmath.orgğŸ“… Limited Time Offer! Airdrop ends on 01.12.2023 and distribution starts from 18.01.2024. Don't miss out! â³ğŸ’¬ Join our Telegram group for updates and connect with our vibrant community. Let's embark on this thrilling journey together! ,Airdrops
"In the #Crypto world, 'free' often holds the most value.Stay tuned with #DailyWallet as airdrops and giveaways might just be your golden ticket.ğŸª™ğŸ«",Airdrops
NEW #ADBULL COMPETITION ğŸš€ğŸ 100.000 $ADBULL as #giveaway ğŸ† 50 lucky winners to share 100.000 $ADBULL Refer friends for extra entriesğŸ”¥ Join here: https://gleam.io/JQpuN/adbull-competitionâ° 8 Days,Airdrops
"This week's giveaway is again sponsored by @GigaChadGPT_io !ğŸ’ªThey're giving away $150 USDT! to enter: 1âƒ£ Follow, Like & Retweet this tweet  2âƒ£ Go to http://coinsniper.net to join",Airdrops
ğŸš¨ $10000($BDX)Bern Hardfork Airdrop ğŸ‡AirdropğŸ’° Live from 1st Feb 2024Stay tuned ğŸ˜,Airdrops
"10000 apes following on twitter?!ğŸ’GIVEAWAY EVENT TIME. ğŸğŸŒWe will have 3 different give aways!ğŸ‘€We will give out 1 of our BASGB whitelist NFT's, to one lucky ape who retweets this post!and 0.2 $BAY for 5 random people in our discord contest.",Contests / Give-aways
Itâ€™s almost rodeo time in Houston ğŸ¤  and Banita Creek Hall wants to send you and a friend to see some awesome concertsâ€¼ï¸â€¼ï¸â€¼ï¸Starting at 10 AM ğŸ•™ we will be doing 19 days of âœ¨ give-aways âœ¨ for each show across all of our social media platforms. Each contest will last 24 hoursâ€¦,Contests / Give-aways
"ğŸš€ 50,000 CDY GIVEAWAY ( 2 x 25000 per winner )Like, report, tag 2 friends in comment.Note: end after 48h+, 3m old account, at least 25 followers.",Contests / Give-aways
Jennifer Greeff's beautiful cover for Stonebridge is up for Cover of the Month on AllAuthor. You can vote for it here:,Contests / Give-aways
Congratulations @EyeSeeYou03 on winning the #KaunBanayegaNayaGhar contest 5.Please share your contact details on DM to claim your prize. ,Contests / Give-aways
"âš ï¸ #NFTNURI GIVEAWAY ! ğŸ«¡ğŸ†1 x .1 IN $SOL / $ETH To enter :- follow @NFTNURIğŸ””- RT, like, Tag Friends Winners in 48H00 âœ…",Contests / Give-aways
WIN! ğŸ¤© Manual Compact Espresso Machine!To enter:-Like and retweet-Follow @loveyourmorphy-Use the hashtag #loveyourmorphyTs & Cs below. Good luck!,Contests / Give-aways
"ğŸ”¥ POKÃ‰MON GIVEAWAY ğŸ”¥ How To Enter:1. Follow,Like,Retweet2. Subscribe to my YouTube Channel...Link in Bio!3. Comment Done!Winner Picked February 11thFree Shipping WorldwideThank You and Good Luck",Contests / Give-aways
"ğŸ§§ Happy Lunar New Year Airdrop with ANTTIME!!ğŸ Total 100 USDT + 100,000 TIME Pointsâœ… Complete tasks / RT / Tag 3 friendshttps://gleam.io/PFYLM/-anttime-lunar-new-year-giveaway-â° until 18th, FEB (SUN)",Contests / Give-aways
"ğŸš¨ ğ—•ğ—¶ğ—´ ğ—ªğ—®ğ—¹ğ—±ğ—¼ğ˜€ ğ—£ğ—¼ğ—¸ğ—²ğ—¿Big #poker on Monday, February 12 at 9:00 p.m. on our Discord! ğŸ¤¯ğŸ“¢ AMA X at 8:00 p.m. to present the 9 invited communities and poker begins at 9:00 p.m.!Like â¤ï¸, Retweet ğŸ” & Follow participating projects ğŸ”” to win the surprise #Giveaway",Contests / Give-aways
Quick 50$ #Giveaway to someone whoâ€¢Like & repost this post â€¢Must be following me @trader__sam Winner announced in less than 24 Hours,Contests / Give-aways
ğŸ”¥ 4 Million $SHIB #Giveaway ğŸ”¥Rule is simple:ğŸ‘‰ Like & Retweet this post ğŸ‘ˆ(Winner in 72 Hours.),Contests / Give-aways
"PowerBank #Giveaway Result tonight @ 8:00 PM Increase your chances, Rt, like Tag 5 friends...Check the Powerbank ğŸ‘‰https://amzn.to/3ZgAmtZ",Contests / Give-aways
ğŸš¨ $SOL GIVEAWAY! ğŸš¨Prize:ğŸ† $50 in $SOLTo Enter:1âƒ£ - Follow @tboynft12âƒ£ - â™»ï¸ + â¤ï¸3âƒ£ - Tag 3 Friends48 HRS ! â° !MOVE !,Contests / Give-aways
"ITS GIVEAWAY TIME! â­ We have partnered up with @shoreusable, to win these goodies: - Follow both @creativenature and @shoreusable - Tag your friends, like and Retweet- Follow this link for your extra chance to win: https://creative-",Contests / Give-aways
"2000 Gems Giveaway! ğŸ”¥To enter:- Like, repost & comment - Follow meThat's it! ğŸŒŸ Good luck to everyone. ğŸ€ Ends in 7 days",Contests / Give-aways
"ğŸ¥³ Bcloop X Crypto Tech Big #AirdropğŸ† Rewards Â»Â» 500$ in $BCLâœ… Follow @bcloopioâœ… Like, RT and Tag 3 Friendsâœ… Complete #Gleam â¤µï¸https://gleam.io/A9tEP/bcloop-airdrop",Contests / Give-aways
ğŸ’° CAT COMP #45 ğŸ˜¼:How would you name this cat? Best name wins!âŒ– Retweet + Tag frens ğŸ‘¥âŒ– 1 winner ($30 / 0.013 ETH)âŒ– 12 HRS â³,Contests / Give-aways
ğŸ $50 - in Litecoin Giveawayâ°Rolling in 4 daysğŸ”Retweet + TAG 2 friendsğŸ¦Follow: @ChrisGlive & @skinraveggâœ¨RT Quoted tweet(optional) use code: chrisg on http://skinrave.gg/r/chrisgGoodluck Everyone â¤ï¸ #giveaway,Contests / Give-aways
CS:GO GIVEAWAY!ğŸMW GLOCK  | Neo-Noir (20$)ğŸŸ¢ğŸ”´TO ENTER:âœ”ï¸Follow me & @Skinraveggâœ”ï¸Retweetâœ”ï¸Retweet quoted tweet ğŸ•˜Ends in 2 Days!#CSGOGiveaway #Giveaway,Contests / Give-aways
"We're proud of LeÃ¯la Nassiri-Jamet, our General Counsel, for her active involvement in the @INATBA_org  awards in Brussels.Her insights from the roundtable with the European Commission keep us informed about the latest EU regulatory updates in Web3. ğŸŒğŸ“¢",Regulatory updates
Stay Informed with our Daily Regulatory Updates!,Regulatory updates
"The regulatory landscape for spot ETFs and cryptocurrencies is evolving, with discussions and decisions by authorities shaping the market. Staying informed about regulatory developments is crucial for investors in the crypto space",Regulatory updates
"Week of February 05, 2024 - #RegulatoryUpdates Updates from agencies like SBA, OST, CFTC, SEC & EXIM from January 22, 2024 to January 28, 2024.",Regulatory updates
"Stay updated with essential regulatory changes in Asia and other regions for medical devices. Learn about new guidelines, standards, and compliance requirements.",Regulatory updates
We kicked off our 2024 Response and Regulatory Updates Seminars in Dubai! We're glad to be back and are looking forward to many engaging discussions ahead. See you in Mumbai and Chennai next!,Regulatory updates
"Regulatory Update: The SEC announces new guidelines for cryptocurrency exchanges, aiming to enhance investor protection and transparency. Compliance is key to ensuring a thriving and sustainable crypto ecosystem.",Regulatory updates
"Just in: The EU Commission proposes a comprehensive regulatory framework for cryptocurrencies, including KYC/AML requirements and licensing for crypto service providers. Stay informed to navigate the evolving regulatory landscape",Regulatory updates
"Breaking News: South Korea unveils plans for tighter regulations on cryptocurrency exchanges, with stricter KYC procedures and increased oversight. Compliance with these measures is essential for market stability and investor confidence.",Regulatory updates
"The Financial Action Task Force (FATF) updates its guidance on virtual asset service providers (VASPs), emphasizing the importance of effective AML/CFT measures in the crypto sector. Stay compliant to mitigate risks",Regulatory updates
"The SEC clarifies its stance on decentralized finance (DeFi) platforms, signaling increased scrutiny and potential regulatory actions. DeFi projects should prioritize compliance and engage with regulators to ensure legitimacy",Regulatory updates
"Regulatory Announcement: Japan's Financial Services Agency (FSA) introduces new licensing requirements for cryptocurrency custodians, aiming to strengthen consumer protection and safeguard assets. Compliance is non-negotiable.",Regulatory updates
"The UK Financial Conduct Authority (FCA) issues guidance on stablecoins, highlighting regulatory considerations and potential risks. Market participants should assess compliance requirements and adhere to regulatory standards.",Regulatory updates
"The IRS updates its guidance on cryptocurrency taxation, providing clarity on reporting requirements and taxable events. Stay informed to fulfill your tax obligations and avoid penalties.",Regulatory updates
"The SEC announces enforcement actions against unregistered cryptocurrency exchanges, emphasizing the importance of compliance with securities laws. Market participants should prioritize regulatory compliance to mitigate legal risks",Regulatory updates
"The Financial Crimes Enforcement Network (FinCEN) proposes new rules for cryptocurrency transactions, including enhanced KYC/AML requirements and reporting obligations. Compliance is crucial for maintaining regulatory compliance",Regulatory updates
"The European Central Bank (ECB) outlines its approach to central bank digital currencies (CBDCs), emphasizing regulatory considerations and potential risks. Market participants should monitor developments and assess regulatory implications.",Regulatory updates
" The Australian Securities and Investments Commission (ASIC) issues guidance on initial coin offerings (ICOs), highlighting regulatory requirements and investor protection measures. Compliance is essential for ICO issuers and investors alike.",Regulatory updates
" The Financial Stability Board (FSB) releases a report on stablecoins, addressing regulatory challenges and potential implications for financial stability. Stay informed to navigate the evolving regulatory landscape",Regulatory updates
"The Monetary Authority of Singapore (MAS) announces new licensing requirements for cryptocurrency exchanges and payment service providers, aiming to enhance regulatory oversight and consumer protection. Compliance is paramount",Regulatory updates
ğŸ”’ Just received the latest security update for our blockchain network. Ensuring the safety of our transactions is our top priority! #Blockchain #Security #Cryptocurrency,Security Updates
"Heads up, everyone! Our cryptocurrency wallet just got a security upgrade. Protecting your digital assets is essential. Stay safe out there! #Cryptocurrency #Security #Wallet",Security Updates
"Exciting news! Our blockchain protocol underwent a security audit and passed with flying colors. Rest assured, your transactions are in safe hands. #Blockchain #Security #Audit",Security Updates
Stay ahead of the curve with our latest security patch for our cryptocurrency exchange platform. Your funds deserve the best protection. #Cryptocurrency #Security #Exchange,Security Updates
Security first! Our blockchain project just implemented multi-factor authentication to enhance user protection. Your account is now even more secure. #Blockchain #Security #Authentication,Security Updates
Attention all users! A new security vulnerability was identified and promptly patched in our cryptocurrency mining software. Keep mining safely! #Cryptocurrency #Mining #Security,Security Updates
Big news! Our blockchain network just rolled out end-to-end encryption to safeguard your data and transactions. Privacy matters. #Blockchain #Security #Encryption,Security Updates
Your security is our priority! Our cryptocurrency trading platform just upgraded its security protocols to better protect your assets. Trade with confidence! #Cryptocurrency #Trading #Security,Security Updates
We take security seriously. Our blockchain project just implemented decentralized identity verification to enhance user privacy and security. #Blockchain #Security #Identity,Security Updates
"Important update: Our cryptocurrency wallet now supports hardware wallet integration for added security. Your digital assets, your control. #Cryptocurrency #Wallet #Security",Security Updates
"Great news, everyone! Our blockchain network just completed a security stress test and emerged stronger than ever. Your transactions are safe and sound. #Blockchain #Security #StressTest",Security Updates
Security alert! A critical vulnerability was discovered and promptly patched in our cryptocurrency smart contract. Funds remain safe. #Cryptocurrency #Security #SmartContract,Security Updates
We're committed to your security. Our blockchain platform just introduced biometric authentication for secure access. Your fingerprint is your key. #Blockchain #Security #Biometrics,Security Updates
Exciting announcement! Our cryptocurrency exchange just implemented real-time transaction monitoring to detect and prevent security threats. Stay protected! #Cryptocurrency #Security #Monitoring,Security Updates
Breaking news: Our blockchain network just upgraded to the latest encryption standards to keep your data secure from prying eyes. #Blockchain #Security #Encryption,Security Updates
Security update: Our cryptocurrency payment gateway now supports multi-signature transactions for enhanced security. Trust and transparency matter. #Cryptocurrency #Security #Payments,Security Updates
Just in: Our blockchain network has introduced robust anti-phishing measures to protect users from fraudulent activities. Stay vigilant! #Blockchain #Security #AntiPhishing,Security Updates
Big announcement! Our cryptocurrency exchange platform just underwent a security audit and received a clean bill of health. Your funds are safe and secure. #Cryptocurrency #Security #Audit,Security Updates
Your security matters to us. Our blockchain network just rolled out enhanced DDoS protection to ensure uninterrupted service. Stay connected! #Blockchain #Security #DDoSProtection,Security Updates
Important update: Our cryptocurrency wallet now offers cold storage options for added security. Keep your assets offline and safe from hackers. #Cryptocurrency #Wallet #Security,Security Updates
